﻿<?xml version="1.0" encoding="utf-8"?><Search><pages Count="37"><page Index="1"><![CDATA[]]></page><page Index="2"><![CDATA[KATA PENGANTAR








                    Puji syukur penulis panjatkan kehadirat Allah SWT., atas kedendak dan
              ridho-Nya sehingga modul elektronik untuk pembelajaran Bartending ini dapat
              terselesaikan  dengan  baik.  Modul  elektronik  ini  berguna  sebagai  sumber

              belajar bagi para mahasiswa yang mempelajari mata kuliah Bartending. Ada
              tiga pokok pembahasan yang disajikan dalam isi modul elektronik ini, meliputi;

              Modul 1, Konsep Bar; Modul 2, Klasifikasi Bar; dan Modul 3, Bar Layout. Dalam
              modul elektronik ini dilengkapi dengan latihan soal untuk menguji pemahaman
              pembaca terkait dengan materi yang disajikan.


                    Pembuatan modul elektronik ini bertujuan untuk menghadirkan sumber
              belajar yang baru dan variatif bagi mahasiswa dalam kegiatan pembelajaran
              khususnya  untuk  pendalaman  materi.  Penulis  mengucapkan  terima  kasih

              kepada berbagai pihak yang telah membantu dalam proses penyelesaian modul
              ini.  Diharapkan  modul  elektronik  ini  dapat  bermanfaat  bagi  pengguna  dan
              pembaca.


                    Penulis menyadari masih banyak kekurangan dalam penyusunan modul
              elektronik ini. Maka dari itu, penulis sangat mengharapkan kritik dan saran
              pengguna  dan  pembaca  guna  pengembangan  dan  penyempurnaan  modul

              elektronik ini di masa yang akan datang.








                                                                                           Jakarta, 2022






                                                                                                  Penulis,








           i


                                                Prev                       Next]]></page><page Index="3"><![CDATA[MENU










                                                    Kata Pengantar





                                             Petunjuk Penggunaan





                                                         MODUL 1






                                                         MODUL 2





                                                         MODUL 3






                                                         MODUL 4





                                                    Daftar Pustaka

















                                                                                                            ii




                                               Prev                       Next]]></page><page Index="4"><![CDATA[PETUNJUK


                                              Penggunaan E-Modul




                             Versi Desktop                                   Versi Ponsel
                   Gambar               Keterangan               Gambar               Keterangan
                                  Tombol layar penuh                           Tombol thumbnail



                                  Tombol bantuan                               Tombol


                                  Tombol cari (kata)                           Tombol perbesar halaman


                                  Tombol penanda halaman                       Tombol penanda halaman


                                  Tombol perbesar halaman                      Tombol suara



                                  Tombol halaman awal                          Tombol pilihan lainnya


                                  Tombol halaman                               Tombol bantuan
                                  sebelumnya
                                  Tombol halaman akhir                         Tombol cari (kata)


                                  Tombol halaman                               Tombol cetak
                                  selanjutnya
                                  Tombol pilihan lainnya                       Tombol ubah bahasa


                                  Tombol cetak                                 Tombol balik otomatis


                                  Tombol suara                                 Tombol bagikan email


                                  Tombol bagikan                               Tombol bagikan email

                                  Tombol bagikan email

                                  Tombol balik otomatis
                                                                  Prev                       Ne  xt
                                  Tombol ubah bahasa

                                  Tombol thumbnail                                              Tombol halaman awal
                                                                        Tombol menu    Tombol “Tahukah Kamu?”
                                  Tombol  besar  halaman
                                  sebelumnya
                                                                           Tombol halaman selanjutnya
                                  Tombol  besar  halaman      Tombol halaman sebelumnya
                                  selanjutnya

          iii





                                               Prev                       Next]]></page><page Index="5"><![CDATA[MODUL 1


                 KONSEP BAR





                                                PENDAHULUAN





                       Deskripsi                                                  Prasyarat



             Modul  1  memperkenalkan  konsep                        Sebelumnya  sudah  lulus  pada  mata
          mengenai  Bar,  yaitu  pengertian,                      kuliah Tata Hidang 1.

          sejarah,  dan  fungsi  dari  Bar.  Setelah
          mempelajari Modul 1 ini, maka pembaca

          akan  berada  pada  tingkat  keahlian
          pengetahuan dasar mengenai konsep dari

          Bar.


             Paparan yang disajikan berupa konsep
          dan  teori  dalam  lingkup  Bartending

          secara  naratif.  Juga  disertai  latihan  soal

          yang harus diselesaikan sebelum masuk
          pada tahap pembelajaran selanjutnya.




                                       Petunjuk Penggunaan E-Modul



              1.  Bacalah  deskripsi  dengan  cermat  hingga  paham  tentang  materi  yang  akan
                  dipelajari pada modul ini.
              2.  Bacalah dan catat istilah serta kata-kata baru untuk dipelajari.

              3.  Pahami dengan baik setiap pengertian dan penjelasan. Ikut diskusi kelompok
                  dengan mahasiswa lain.
              4.  Kerjakanlah soal-soal latihan yang ada di akhir setiap modul untuk mengetahui
                  sejauh mana pemahaman Anda.









                                                                                                             1



                                               Prev                       Next]]></page><page Index="6"><![CDATA[Modul 1   Konsep Bar

                                             A.  Pengertian Bar






                    Berdasarkan  Kep.  Menparpostel  No.  104/PW.  304/MPPT-91  Bar

              didefinisikan  sebagai:  “Setiap  usaha  komersial  yang  ruang  lingkup  dan

              kegiatannya  menghidangkan  minuman  keras  dan  minuman  lainnya  untuk

              umum di tempat usahanya.” Secara harifah Bar berasal dari kata ‘barrier’ atau


              ‘barriery’  yang  artinya  ‘penghalang’.  Penghalang  yang  dimaksudkan  adalah

              sebuah  kayu  atau  papan  kokoh  dan  kuat  yang  digunakan  sebagai  pemisah

              antara pembeli dan penjual atau yang dikenal dengan sebutan ‘bartender’ atau

              ‘barman’.



                    Dengan  demikian,  maka  Bar  merupakan  suatu  tempat  berupa  counter

              yang  dilengkapi  dengan  fasilitas  tertentu  di  mana  seseorang  mendapatkan

              pelayanan  minuman  baik  beralkohol  maupun  tidak  (dan  makanan)  dengan

              tujuan untuk mendapatkan suatu keuntungan. Bar dapat menjadi bagian dari


              sebuah restaurant, terdapat dalam sebuah hotel, berupa club, ataupun dikelola

              oleh perusahaan yang berdiri sendiri. Penjualan minuman dalam arti Bar pada

              masa saat ini semakin ramai bahkan cenderung meningkat beriringan dengan


              bertumbuh dan berkembangnya usaha-usaha PUB, Karaoke serta Discotique

              meski  masih  berada  di  bawah  aturan-aturan  pemerintah  yang  membatasi.

              Bahkan penjualan makanan dan minuman dapat melampaui penjualan kamar

              hotel. Hal ini dikarenakan pemikiran beberapa golongan masyarakat saat ini


              yang menginginkan kehidupan yang serba praktis.









          2





                                               Prev                       Next]]></page><page Index="7"><![CDATA[Konsep Bar   Modul 1
                                                B.  Sejarah Bar






                    Bar dikembangkan oleh Bangsa Amerika pada abad ke-16. Pada awalnya

              Bar hanyalah sebuah tempat usaha minuman yang memiliki sebuah pemisah

              atau penghalang kuat dan kokoh yang terbuat dari kayu. Kayu pemisah atau


              penghalang tersebut digunakan untuk memisahkan antara pembeli dan penjual

              di  Bar  tersebut.  Seiring  dengan  perkembangan  Bar  hingga  saat  ini,  fungsi

              penghalang tersebut masih sama namun sekarang lebih dikenal dengan sebutan

              ‘Bar counter’. Saat itu Bar tidak menyediakan tempat duduk untuk pembelinya,


              jadi pembeli harus memegang minuman mereka sendiri sambil berdiri atau

              bersandar di papan penghalang itu sendiri. Bar sejenis ini pun dikenal dengan

              nama  ‘Stand  Bar’.  Pada  awal  perkembangannya  di  Amerika  Bar  memiliki


              wilayah operasional sendiri di Boston. Pada saat itu Bar di Amerika dikenal

              dengan sebutan ‘Tavern’. Tavern merupakan suatu tempat bagi sekelompok

              orang yang berkumpul disertai dengan minum-minum pada private house sama

              seperti halnya club-club. Berbeda lagi di Inggris, Bar disebut dengan ‘Public

              House’ atau PUB.



                    Pelaksanaan operasional Bar di Amerika berbeda dengan di Inggris. Di

              Amerika pelaksanaan Tavern cenderung bebas tidak terkekang peraturan dan

              harga pajak lebih rendah sehingga keuntungannya pun lebih berlipat ganda.


              Berbanding terbalik dengan pelaksanaan PUB di Inggris yang hanya buka pada

              waktu-waktu  tertentu,  diawasi  dengan  ketat  oleh  pengawas,  terikat

              peraturan-peraturan  yang  ketat,  hingga  penarikan  harga  pajak  yang  sangat

              tinggi.  Pelaksanaan  PUB  saat  itu  hampir  sama  dengan  pelaksanaan  Bar  di


              Indonesia pada saat ini yang masih dibatasi oleh peraturan dan kebijakan oleh

              pemerintah.

                                                                                                             3





                                               Prev                       Next]]></page><page Index="8"><![CDATA[Modul 1   Konsep Bar

                                                C.         Fungsi Bar






                    Sesuai dengan artinya, Bar yang berasal dari kata ‘barrier’ berfungsi sebagai

              penghalang. Umumnya Bar didesain sebagai tempat dengan suasana nyaman,

              di mana pembeli dapat minum-minum sambil menikmari fasilitas hiburan yang


              disediakan. Bar dapat menjadi bagian dari opearsional suatu hotel maupun

              dikelola  sendiri  oleh  perusahaan  (private/public  bar).  Dalam  manajemen

              perhotelan sendiri Bar merupakan bagian dari departemen Food & Beverages

              yang  bertanggung  jawab  atas  minuman  atau  beverage  product  kecuali  yang


              dibuat langsung oleh kitchen.


                    Bagi pengembangan industri pariwisata, fungsi Bar antara lain;


              1.  Memberikan nilai positif dalam meningkatkan promosi pariwisata melalui


                    acara-acara Bar Internasional yang dikemas secara professional.

              2.  Dapat  meningkatkan  devisa  Negara  dengan  pendapatan  berupa  dollar

                    (mata uang asing).

              3.  Memberikan  nilai  positif  bagi  pariwisata  dengan  menggunakan  produk

                    lokal dalam pembuatan minuman kreasi beserta nama objek wisata dalam


                    penamaan minuman yang diciptakan sehingga meningkatkan nilai promosi

                    yang efektif.


                    Sedangkan fungsi Bar dalam hotel adalah sebagai berikut;



              1.  Menjadi pelengkap dan memberikan nilai tambah sebagai fasilitas hotel.

              2.  Meningkatkan  pendapatan  (revenue),  biaya  servis  (service  charge),  dan

                    keuntungan (profit) bagi hotel.

              3.  Menjadi salah satu sumber pemasukan di luar usaha hotel.




          4





                                               Prev                       Next]]></page><page Index="9"><![CDATA[Konsep Bar   Modul 1

                                               D.         Rangkuman






                    Secara harifah Bar berasal dari kata ‘barrier’ atau ‘barriery’ yang artinya

              ‘penghalang’.  Definisi  Bar  sebagai  usaha  komersial  yang  ruang  lingkup  dan


              kegiatannya  menghidangkan  minuman  keras  dan  minuman  lainnya  untuk

              umum dijelaskan dalam Kep. Menparpostel No. 104/PW. 304/MPPT-91. Bar

              dikembangkan oleh Bangsa Amerika pada abad ke-16. Pada saat itu Bar di

              Amerika dikenal dengan sebutan ‘Tavern’. Berbeda lagi di Inggris, Bar disebut


              dengan ‘Public House’ atau PUB.


                    Bar dapat menjadi bagian dari opearsional suatu hotel maupun dikelola

              sendiri  oleh  perusahaan  (private/public  bar).  Dalam  industri  pariwisata,  Bar


              dapat  meningkatkan  devisa  Negara  dan  juga  sebagai  bagian  promosi  yang

              efektif.  Sedangkan  dalam  perhotelan,  Bar  sebagai  salah  satu  sumber

              pemasukan  di  luar  akomodasi,  juga  sebagai  pelengkap  dan  menambah  nilai

              fasilitas hotel sehingga pendapatan serta keuntungan hotel pun bertambah.



































                                                                                                             5





                                               Prev                       Next]]></page><page Index="10"><![CDATA[Modul 1   Konsep Bar

                                                      E.  Latihan





              Petunjuk pengisian:


              1.  Klik tombol mulai

              2.  Kerjakan semua soal yang ada di worksheet
              3.  Jika sudah selesai menjawab semua soal, klik ‘Finish’ yang ada pada akhir lembar

              4.  Screenshoot semua semua lembar jawaban
              5.  Kumpulkan pada tombol kumpulkan di bawah melalui platform sesuai instruksi Dosen.









                                                      MULAI




















                                               Kumpulkan melalui:















          6



                                              Prev                       Next]]></page><page Index="11"><![CDATA[MODUL 2


                 KLASIFIKASI BAR





                                                PENDAHULUAN





                       Deskripsi                                                  Prasyarat


                Modul  2  memperkenalkan  klasifikasi                Sebelumnya  sudah  lulus  pada  mata

          Bar,  yaitu  jenis  &  klasifikasi,  dan                kuliah  Tata  Hidang  1  dan  memahami

          struktur organisasi dari Bar. Setelah                   konsep Bar.
          mempelajari Modul 1 ini, maka pembaca

          akan  berada  pada  tingkat  keahlian
          pengetahuan  mengenai  macam-macam

          Bar  berdasarkan  kategori  jenis  dan
          lokasinya.  Selain  itu  juga  mengetahui

          struktur organisasi beserta job description

          tiap pemegang jabatan di Bar.
                Paparan yang disajikan berupa konsep

          dan  teori  dalam  lingkup  Bartending

          secara  naratif.  Juga  disertai  latihan  soal
          yang harus diselesaikan sebelum masuk
          pada tahap pembelajaran selanjutnya.





                                       Petunjuk Penggunaan E-Modul


              1.  Bacalah  deskripsi  dengan  cermat  hingga  paham  tentang  materi  yang  akan

                  dipelajari pada modul ini.
              2.  Bacalah dan catat istilah serta kata-kata baru untuk dipelajari.
              3.  Pahami dengan baik setiap pengertian dan penjelasan. Ikut diskusi kelompok
                  dengan mahasiswa lain.
              4.  Kerjakanlah soal-soal latihan yang ada di akhir setiap modul untuk mengetahui
                  sejauh mana pemahaman Anda.



                                                                                                             7



                                               Prev                       Next]]></page><page Index="12"><![CDATA[Modul 2   Klasifikasi Bar

                                      A.  Jenis dan Klasifikasi Bar






                    Bar memiliki banyak jenis dan macamnya, namun secara garis besar jenis

              dan kualifikasi Bar dapat dibagi menjadi:



              1.  Public Bar





















                       Sesuai dengan namanya, Public Bar merupakan Bar yang terbuka untuk

                    umum dan saat ini dikenal dengan sebutan PUB Bar. Public Bar adalah Bar

                    di mana minuman yang dipesan dibuat dan dihidangkan kepada pelanggan


                    di  ruangan  Bar  itu  juga.  Pelanggan  dapat  memesan  minuman  secara

                    langsung kepada Bartender ataupun melalui Bar Waiter/Waitress. Biasanya

                    Bar  ini  memiliki  Bar  counter  pemisah  antara  Bartender  dan  tempat

                    pelanggan duduk. Selain tempat duduk (stools) di counter, Public Bar juga


                    menyediakan sofa dan cocktail table dan dilayani oleh Bar waiter/waitress.

                    Pelanggan juga dapat menikmati fasilitas hiburan seperti live music atau

                    bahkan dance floor yang disediakan oleh Public Bar.












           8

                                              Prev                       Next]]></page><page Index="13"><![CDATA[Klasifikasi Bar   Modul 2

                     Macam-macam  Bar  dari  jenis  Public  Bar  ini  dapat  dibagi  lagi  sesuai

                  dengan karakteristik usahanya. Di antaranya adalah:

                  a.  Discotique Bar


                           Sama seperti Bar pada umumnya segala jenis minuman dari yang

                       beralkohol  maupun  yang  tidak  hingga  snack  atau  makanan  ringan.

                       Discotique Bar juga disertai dengan dance floor yang musiknya dari DJ


                       atau music jockey.

                  b.  Karaoke Bar

                           Tempat karaoke yang juga menjual segala jenis minuman beralkohol

                       dan tidak, serta berbagai makanan ringan atau snack.

                  c.  Cocktail Lounge & Bar


                           Bar yang disertai dengan background music and show serta dance

                       floor.

                  d.  Night Club


                           Memiliki fasilitas yang sama seperti Cocktail Lounge & Bar, namun

                       ditambah dengan adanya pelayanan lady escort.

                  e.  Milk Bar

                           Bar  yang  menyediakan  minuman  campuran  yang  menggunakan


                       campuran susu tanpa alkohol. Bar ini biasanya terletak di tempat yang

                       strategis untuk pengunjung remaja atau pelajar.

                  f.  Bilyard & Lounge

                           Tempat  bermain  bilyard  yang  juga  menjual  segala  jenis  minuman


                       beralkohol dan tidak, serta berbagai makanan ringan atau snack.










                                                                                                             9


                                               Prev                       Next]]></page><page Index="14"><![CDATA[Modul 2   Klasifikasi Bar



              2.  Service Bar





















                      Sumber: https://jakartakemayoran.holidayinn.com/


                       Bar yang khusus untuk melayani tamu di luar bar counter. Service Bar

                    merupakan  Bar  di  mana  pelanggan  tidak  berinteraksi  atau  memesan

                    minuman  secara  langsung  kepada  Bartender  melainkan  melalui

                    waiter/waitress.  Bar  ini  melayani  pesanan  tamu  baik  restaurant  maupun


                    room service.

                       Service Bar di hotel tidak menyediakan stools karena tidak terpakai dan

                    counter  hanya  berupa  loket/kasir  pelanggan  memesan  minumannya.


                    Dengan demikian, maka Service Bar memiliki fungsi sebagai pelengkap

                    atau  fasilitas  pendukung  operasional  yang  aktivitas  dan  jadwal

                    operasionalnya bergantung pada restaurant itu sendiri.

                       Macam-macam Service Bar sebagai berikut:

                  a.  Resto & Bar


                           Restoran yang menyediakan fasilitas Bar dengan waktu operasional

                       yang mengikuti waktu buka dan tutupnya restoran. Bar ini biasanya

                       terletak  di  kota-kota  besar,  peralatannya  lengkap  dan  mewah.


                       Minuman yang disedakan pun lengkap, terutama wine dan champagne,

                       ada iringan musik dari piano dan gitar.


          10

                                               Prev                       Next]]></page><page Index="15"><![CDATA[Klasifikasi Bar   Modul 2

                  b.  Restaurant & Night Club

                           Sama seperti Resto & Bar, hanya saja Restaurant & Night Club ini

                       hanya buka pada malam hari. Bar ini juga dilengkapi dengan dance floor


                       dan berbagai macam hiburan lainnya. Selain itu tamu di Restaurant &

                       Night Club ini dilayani oleh hostess.

                  c.  Pool Snack Bar


                           Mini  Bar  di  area  kolam  renang  yang  menyajikan  makanan  dan

                       minuman ringan untuk para pengunjung kolam renang. Bar ini tidak

                       menyediakan minuman berkadar alkohol tinggi.

                  d.  Café

                           Bar  yang  menyediakan  aneka  hidangan  makanan  dan  berbagai


                       minuman panas dari campuran kopi dengan susu atau lainnya selain

                       minuman yang mengandung alkohol. Café biasanya juga disertai dengan

                       hiburan,  seperti  live  music  dan  lainnya.  Jika  di  Bar  minuman-


                       minumannya dibuat oleh bartender, maka di Café minumannya dibuat

                       oleh seorang barista.

                  e.  Dispence Bar

                           Dispence Bar juga kerap disebut dengan istilah Portable Bar atau


                       Banquet  Bar.  Istilah  tersebut  dikarenakan  Bar  ini  dapat  berpindah-

                       pindah atau bahkan dibongkar-pasang. Bentuknya pun menyesuaikan,

                       ada yang counter-nya diberi roda, ada juga yang counter-nya merupakan

                       susunan dari beberapa meja. Sedangkan arti Dispence Bar sebenarnya


                       adalah tempat memproses minuman campuran yang dilengkapi dengan

                       semua perlengkapan dan peralatan yang diperlukan.









                                                                                                             11




                                              Prev                       Next]]></page><page Index="16"><![CDATA[Modul 2   Klasifikasi Bar

                       Jika  dilihat  berdasarkan  tampat  atau  lokasinya,  maka  macam-macam

                  Bar sebagai berikut;

                  a.  Tavern


                           Merupakan Bar model kuno yang masih dipergunakan untuk sebuah

                       perusahaan  atau  tempat  yang  menyajikan  minuman  beralkohol  yang

                       biasanya bertempat di daerah atau lingkungan indistri.


                  b.  Night Club

                           Bar komersil berdekorasi mewah di dalam maupun di luar hotel

                       yang menyajikan minuman beralkohol dan makanan serta diiringi music

                       atau hiburan lain untuk para tamu.

                  c.  Pool Side Bar


                           Mini  Bar  di  area  kolam  renang  yang  menyajikan  makanan  dan

                       minuman ringan untuk para pengunjung kolam renang. Bar ini tidak

                       menyediakan minuman berkadar alkohol tinggi.


                  d.  Expresso Bar

                           Bar  yang  juga  terdapat  di  pelabuhan-pelabuhan  laut  dan  udara,

                       menjual berbagai minuman namun lebih menekankan penjualan kopi

                       dan ice cream.


                  e.  Resto dan Bar

                           Restoran yang menyediakan fasilitas Bar dengan waktu operasional

                       yang mengikuti waktu buka dan tutupnya restoran.  Bar ini biasanya

                       terletak  di  kota-kota  besar,  peralatannya  lengkap  dan  mewah.


                       Minuman yang disedakan pun lengkap, terutama wine dan champagne,

                       ada iringan musik dari piano dan gitar.








          12

                                              Prev                       Next]]></page><page Index="17"><![CDATA[Klasifikasi Bar   Modul 2

                  f.  American Bar

                           Bar yang menyediakan segala macam minuman, bentuk Bar yang

                       lebih kecil daripada Restoran dan Bar. Bar ini juga menyediakan lantai


                       dansa, pengunjung Bar ini biasanya merupakan orang asing atau turis.

                  g.  Main Bar

                           Merupakan Bar utama dalam ruangan tertutup, tempat tersendiri,


                       dan dilayani oleh Bar waiter/waitress atau bahkan bartender. Penerangan

                       di  Bar  ini  sengaja  dibuat  redup  dan  romantis  supaya  tamu  dapat

                       menikmati minuman mereka dengan santai.

                  h.  Cocktail Lounge

                           Bar ini juga disebut dengan dengan Lounge Bar. Bentuk Cocktail


                       Lounge ini pada umumnya luas, memanjang, dan nyaman. Hampir sama

                       Main Bar.

                  i.  Portable Bar


                           Bar yang dapat berpindah-pindah, untuk acara party atau banquet.

                  j.  Home Bar atau Private Bar

                           Merupakan Bar yang terdapat di dalam rumah, minumannya juga

                       tergantung pada yang disiapkan oleh tuan rumah atau tamu sendiri.





























                                            Prev                       Next
                                                                                                            13]]></page><page Index="18"><![CDATA[Modul 2   Klasifikasi Bar

                                      B.  Struktur Organisasi Bar




                    Struktur organisasi Bar menyesuaikan dengan skala kegiatan operasional


              dan  jumlah  Bar  yang  ada.  Namun  struktur  organisasi  Bar  pada  umumnya

              sebagai berikut:






                                                BAR MANAGER


                                              CHIEF BARTENDER



                                           BAR MANAGER Asst.





                                          CHIEF BARTENDER Asst.




                                         BAR SPV / BAR CAPTAIN




                                                   BARTENDER




                                         BAR WAITER / WAITRESS





                                                     BAR BOY















          14





                                              Prev                       Next]]></page><page Index="19"><![CDATA[Klasifikasi Bar   Modul 2

                    Adapun tugas dan tanggung jawab tiap jabatan adalah:

              1.  Bar Manager

                        Seorang bar manager bertanggung jawab atas kelancaran operasional
                    Bar.  Tugasnya  mulai  dari  target  penjualan,  beverage  cost,  laporan
                    administrasi Bar, menentukan daftar menu dan harganya. Selain itu bar

                    manager  juga  bertanggung  jawab  dalam  menjaga  timnya  dengan
                    mengkoordinir, memberikan motivasi, menilai, hingga menaikkan pangkat.
              2.  Chief Bartender

                        Terkadang  juga  disebut  dengan  head  bartender,  bertanggung  jawab
                    atas  kegiatan  operasional  Bar  setiap  harinya.  Melakukan  pemesanan
                    (ordering supplies), merekrut dan melatih staff, dan memberikan laporan

                    kepada bar manager. Tidak semua Bar memiliki chief bartender atau bar
                    manager secara bersamaan. Seperti bebrapa Bar pada hotel bintang 3 dan
                    4 yang hanya memiliki bar manager atau hanya sebatas head/chief bartender

                    sebagai orang yang memimpin.
              3.  Bar Manager Assistant
                        Pada  dasarnya  asisten  bar  manager  membantu  bar  manager  dalam

                    kelancaran operasional Bar. Asisten bar manager juga bertugas menangani
                    complaint, menyusun working schedule, dan memberikan briefing pada staff

                    setiap harinya.
              4.  Chief Bartender Assistant
                        Sama seperti asisten bar manager, seorang asisten chief bartender juga
                    membantu chief bartender dalam mengawasi kegiatan operasional Bar.

              5.  Bar Supervisor/Bar Captain
                        Bertanggung jawab atas kelancaran pelayanan yang diberikan kepada

                    tamu.  Bar  supervisor  memiliki  tugas  untuk  meninjau  atau  mengawasi
                    pelaksanaan  kesesuaian  jadwal  kerja  dan  job  description,  selain  itu  bar
                    supervisor juga taking order dan handling complaint.

              6.  Bartender
                        Bartender  memiliki  tanggung  jawab  di  bar  area.  Bertugas  membuat
                    minuman sesuai dengan pesanan tamu, melakukan aksi juggling atau flaring

                    sebagai bagian dari showmanship, serta menciptakan kreasi minuman yang
                    baru.  Beverage  inventory,  beverage  stock,  dan  laporan  administrasi  juga
                    merupakan bagian dari tugas seorang bartender.





                                                                                                             15





                                               Prev                       Next]]></page><page Index="20"><![CDATA[Modul 2   Klasifikasi Bar

              7.  Bar Waiter/Waitress
                        Waiter  dan  waitress  adalah  orang  yang  bertanggung  jawab  atas

                    pelayanan  minuman  kepada  tamu  supaya  terciptanya  kepuasan  tamu.
                    Seorang waiter dan waitress bertugas untuk menerima dan memberikan
                    pesanan dengan baik kepada tamu tanpa complaint yang berarti, upselling,

                    hingga set-up dan clear up kelengkapan meja Bar.
              8.  Bar Boy
                        Bar boy bertanggung jawab atas kebersihan seluruh area Bar, fasilitas-

                    fasilitas di Bar, dan membantu bartender membersihkan area kerjanya.
                    Selain  itu  bar  boy  juga  dapat  membantu  waiter  dan  waitress  untuk
                    melakukan service pada tamu.






























































          16



                                              Prev                       Next]]></page><page Index="21"><![CDATA[Klasifikasi Bar   Modul 2

                                                C.  Rangkuman




                    Secara garis besar, jenis dan kualifikasi Bar dibagi menjadi Public Bar dan


              Service Bar. Public Bar adalah Bar di mana minuman yang dipesan dibuat dan

              dihidangkan kepada pelanggan di ruangan Bar itu juga. Macam-macam Public

              Bar, yaitu Discotique Bar, Karaoke Bar, Cocktail Lounge & Bar, Night Club,

              Milk Bar, dan Bilyard & Lounge. Sedangkan Service Bar merupakan Bar di


              mana pelanggan tidak berinteraksi atau memesan minuman secara langsung

              kepada Bartender melainkan melalui  waiter/waitress. Macam-macam Service

              Bar, di antaranya ada Resto & Bar, Pool Snack Bar, Café, dan Dispence Bar.

                    Selain Public Bar dan Service Bar, macam-macam Bar juga dapat dibagi


              berdasarkan  lokasinya.  Macam-macam  Bar  berdasarkan  lokasi,  antara  lain

              adalah  Tavern,  Night  Club,  Pool  Side  Bar,  Expresso  Bar,  Resto  &  Bar,

              American Bar, Main Bar, Cocktail Lounge, Portable Bar, serta Home atau

              Private Bar. Dispence Bar disebut juga dengan Portable Bar, karena dapat


              berpindah-pindah  bahkan  dibongkar  pasang.  Sedangkan  arti  Dispence  Bar

              sebenarnya adalah tempat memproses minuman campuran dengan peralatan

              yang lengkap. Penyusunan struktur organisasi Bar menyesuaikan dengan skala


              kegiatan operasional dan jumlah Bar yang ada, namun pada umumnya dikepalai

              oleh seorang Bar Manager.





















                                                                                                             17





                                               Prev                       Next]]></page><page Index="22"><![CDATA[Modul 2   Klasifikasi Bar

                                                   D.  Latihan





              Petunjuk pengisian:


              1.  Klik tombol mulai

              2.  Kerjakan semua soal yang ada di worksheet
              3.  Jika sudah selesai menjawab semua soal, klik ‘Finish’ yang ada pada akhir lembar

              4.  Screenshoot semua semua lembar jawaban
              5.  Kumpulkan pada tombol kumpulkan di bawah melalui platform sesuai instruksi Dosen.









                                                      MULAI

















                                               Kumpulkan melalui:




















          18




                                              Prev                       Next]]></page><page Index="23"><![CDATA[MODUL 3

                 BAR LAYOUT





                                                PENDAHULUAN





                       Deskripsi                                                  Prasyarat



                Modul 3 memperkenalkan layout dari                   Sebelumnya  sudah  lulus  pada  mata
          Bar.  Setelah  mempelajari  Modul  1  ini,              kuliah Tata Hidang 1 memahami konsep

          maka pembaca akan berada pada tingkat                   Bar dan klasifikasinya.
          keahlian  pengetahuan  mengenai  design

          dan layout dari Bar.

             Paparan yang disajikan berupa konsep

          dan  teori  dalam  lingkup  Bartending

          secara  naratif.  Juga  disertai  latihan  soal
          yang harus diselesaikan sebelum masuk

          pada tahap pembelajaran selanjutnya.





                                       Petunjuk Penggunaan E-Modul



              1.  Bacalah  deskripsi  dengan  cermat  hingga  paham  tentang  materi  yang  akan
                  dipelajari pada modul ini.
              2.  Bacalah dan catat istilah serta kata-kata baru untuk dipelajari.
              3.  Pahami dengan baik setiap pengertian dan penjelasan. Ikut diskusi kelompok
                  dengan mahasiswa lain.
              4.  Kerjakanlah soal-soal latihan yang ada di akhir setiap modul untuk mengetahui

                  sejauh mana pemahaman Anda.









                                                                                                            19



                                               Prev                       Next]]></page><page Index="24"><![CDATA[Modul 3   Bar Layout

                                                 A.  Bar Layout






                    Bar dirancang sebagai tempat yang nyaman, memiliki penerangan yang

              tidak terlalu terang dan memiliki dekorasi yang bagus. Tata ruang atau layout

              Bar dibuat dengan sebaik dan sangat spesifik karena perlengkapan dan fasilitas


              di Bar sendiri biasanya cukup padat. Sehingga sebuah Bar harus berlokasi di

              tempat  yang  strategis  dengan  luas  yang  cukup  supaya  tetap  tercipta

              kenyamanan dalam segala aspeknya. Layout Bar berguna untuk menciptakan

              suasana yang nyaman, praktis dan efektif. Layout pada jenis Public Bar dapat


              dilihat pada gambar berikut:







                          13


                                                                              14

                                                                                                      15

                                                                                     12


                                                   11
                      2         3          4        5                  6             7
                                                                                                    Bar Station & Store/restroom

                       1                        8                                      10


                                                9


              Keterangan
              1  - Washing and draining board       6   - Trash bin              11  - Bar counter
              2  - Sink                             7   - Working bench          12   - Bar stools
              3  - Working bench                    8  - Floor darin             13   - Dance floor/Live music
              4  - Trash bin                        9  - Bar display             14   - Bar lounge/Guest hall
              5  - Bottle cooler (under bar)        10  - Cashier desk           15   - Exit sign



          20



                                               Prev                       Next]]></page><page Index="25"><![CDATA[Bar Layout   Modul 3

              1.  Bar Counter Area

                       Area tempat Bartender bekerja untuk mempersiapkan dan membuat

                  minuman yang dipesan oleh tamu, serta melayani tamu yang duduk di bar


                  stool. Di area ini terdapat peralatan utama Bar yang lengkap, di antaranya;

                  a.  Bar counter

                           Merupakan pembatas bartender dan tamu. Ada banyak model bar


                       counter, ada yang berbentuk huruf I, huruf L, huruf S, setengah lingkaran,

                       dan lain-lain. Bar counter biasanya terbuat dari bahan yang kuat dan

                       mudah dibersihkan.

                  b.  Bar display

                           Merupakan rak tempat minuman-minuman dan gelas-gelas dipajang


                       dengan rapi supaya menarik. Display ini merupakan ciri dari Bar.

                  c.  Working bench

                           Merupakan meja untuk menata semua perlengkapan dan peralatan


                       untuk  membuat  minuman.  Meja  ini  terletak  di  bagian  depan  atau

                       counter area.

                  d.  Bar stool

                           Bar stool adalah kursi tinggi yang ada di depan bar counter untuk


                       tamu duduk.

                  e.  Cashier desk

                           Cashier  desk  merupakan  tempat  atau  ruang  untuk  cashier

                       memproses  transaksi  tamu  dengan  membuat  check  atau  bill  yang


                       nantinya  akan  diterima  tamu  tersebut.  Pembayaran  yang  dilakukan

                       dapat melalui waiter dan waitress atau oleh tamu itu sendiri. Cashier desk

                       ini biasanya terletak di dekat pintu keluar, dapat ditempatkan di bar


                       counter area ataupun guest hall.



                                                                                                            21





                                              Prev                       Next]]></page><page Index="26"><![CDATA[Modul 3   Bar Layout

                  f.  Side board atau side stand

                           Pada  beberapa  Bar  terdapat  side  board  atau  side  stand  yang

                       merupakan rak berupa almari kecil untuk menyimpan atau menaruh


                       alat-alat  untuk  service,  seperti  astray,  beverage  list,  tent  card,  napkin,

                       coaster, dan lain-lain.


                       Selain yang sudah disebutkan di atas, pada bar counter area juga terdapat

                  peralatan  lainnya,  seperti  refrigerator,  bottle  cooler,  washing  and  draining


                  board, dan ice bin.


              2.  Bar Lounge

                       Dapat disebut juga dengan guest hall atau guest area. Merupakan ruang

                  atau area tamu duduk dan menikmati minuman mereka. Tamu di ruangan


                  ini  dilayani  oleh  waiter/waitress.  Ruangan  ini  didesain  menarik  dengan

                  lampu  yang  tidak  terlalu  terang  supaya  tamu  nyaman.  Di  ruangan  ini

                  terdapat meja, kursi, sofa, stool diatur dengan sedemikian rupa. Ada pula


                  dancing floor dan tempat untuk live music.

              3.  Bar Station & Store

                       Merupakan  ruang  kerja  khusus  untuk  staff  dan  gudang  tempat

                  penyimpanan persediaan Bar sehari-hari.


























          22





                                               Prev                       Next]]></page><page Index="27"><![CDATA[Bar Layout   Modul 3

                                                B.  Rangkuman




                    Bar dirancang sebagai tempat yang nyaman, memiliki penerangan yang

              tidak  terlalu  terang,  dan  memiliki  dekorasi  yang  bagus.  Sebuah  Bar  harus


              berlokasi di tempat yang strategis dengan luas yang cukup. Ada 3 bagian di Bar,

              yaitu bar counter area, bar lounge atau guest hall, dan bar station & store.

                    Bar counter area merupakan tempat Bartender bekerja untuk melayani,

              mempersiapkan, dan membuat minuman yang dipesan oleh tamu. Pada area


              ini terdapat bar counter, bar display, bar stool, cashier desk, dan lainnya. Bar

              lounge  atau  guest  hall  adalah  ruang  atau  area  tamu  duduk  dan  menikmati

              minuman mereka dengan dilayani oleh waiter atau waitress. Di aera ini pula

              dancing floor atau tempat pertunjukan seperti live music terletak. Terkahir ada


              bar station & bar store yang merupakan ruang kerja khusus untuk staff dan

              gudang tempat penyimpanan persediaan Bar sehari-hari.










































                                                                                                            23





                                              Prev                       Next]]></page><page Index="28"><![CDATA[Modul 3   Bar Layout

                                                   C.  Latihan





              Petunjuk pengisian:


              1.  Klik tombol mulai

              2.  Kerjakan semua soal yang ada di worksheet
              3.  Jika sudah selesai menjawab semua soal, klik ‘Finish’ yang ada pada akhir lembar

              4.  Screenshoot semua semua lembar jawaban
              5.  Kumpulkan pada tombol kumpulkan di bawah melalui platform sesuai instruksi Dosen.









                                                      MULAI

















                                               Kumpulkan melalui:




















          24





                                               Prev                       Next]]></page><page Index="29"><![CDATA[MODUL 4

                 BEVERAGES





                                                PENDAHULUAN





                       Deskripsi                                                  Prasyarat



                Modul       4        memperkenalkan                  Sebelumnya  sudah  lulus  pada  mata
          pengertian  beverages,  pengertian                      kuliah Tata Hidang 1 memahami konsep

          dan  jenis  dari  alcoholic  serta  non                 Bar dan klasifikasinya.
          alcoholic  drink.  Setelah  mempelajari

          Modul 1 ini, maka pembaca akan berada
          pada  tingkat  keahlian  pengetahuan

          mengenai design dan layout dari Bar.


             Paparan yang disajikan berupa konsep
          dan  teori  dalam  lingkup  Bartending

          secara  naratif.  Juga  disertai  latihan  soal

          yang harus diselesaikan sebelum masuk
          pada tahap pembelajaran selanjutnya.




                                       Petunjuk Penggunaan E-Modul



              1.  Bacalah  deskripsi  dengan  cermat  hingga  paham  tentang  materi  yang  akan
                  dipelajari pada modul ini.
              2.  Bacalah dan catat istilah serta kata-kata baru untuk dipelajari.

              3.  Pahami dengan baik setiap pengertian dan penjelasan. Ikut diskusi kelompok
                  dengan mahasiswa lain.
              4.  Kerjakanlah soal-soal latihan yang ada di akhir setiap modul untuk mengetahui
                  sejauh mana pemahaman Anda.







                                                                                                            25



                                               Prev                       Next]]></page><page Index="30"><![CDATA[Modul 4   Beverages

                                                  A.  Beverages






                    Secara  harfiah,  beverages  berarti  minuman.  Minuman  merupakan  salah

              satu pangan berupa cairan atau liquid, berwarna dan tidak, memiliki cita rasa

              yang bervariasi; tawar, manis, asam, dan pahit. Minuman juga memiliki aroma


              khas  dan  manfaat  serta  fungsi  yang  berbeda.  Fungsi  minuman  dapat

              menyegarkan atau menyehatkan tergantung pada komposisi atau bahan utama

              minuman tersebut.

                    Minuman dikelompokkan menjadi dua jenis;


              1.  Non Alcoholic Beverages (Minuman Non Alkohol)





















                         Minuman  non  alkohol  adalah  minuman  yang  sama  sekali  tidak

                    mengandung  alkohol,  diminum  langsung  maupun  sebagai  bahan

                    pencampur minuman campuran high ball (mixers).


                         Menurut fungsinya, minuman non alkohol dibagi menjadi tiga, yaitu;

                    a.  Stimulating drinks

                         Stimulating  drinks  merupakan  minuman  yang  berfungsi  untuk


                         merangsang.  Rangsangan  ini  diakibatkan  oleh  makanan/minuman

                         yang  kita  konsumsi.  Contoh  stimulating  drinks,  misalnya  kopi

                         terhadap rokok.



          26





                                                Prev                       Next]]></page><page Index="31"><![CDATA[Beverages   Modul 4



                    b.  Refreshing drinks

                         Seperti  namanya,  refreshing  drinks  berfungsi  sebagai  penyegar.


                         Contohnya,  seperti  air  mineral,  soft  drink,  squash,  dan  lain-lain.

                         Refreshing drinks sering kali disajikan dingin.

                    c.  Nourishing drinks


                         Adalah  minuman  yang  mengandung  vitamin  dan  dapat  menutrisi

                         tubuh, seperti jus buah, minuman rempah-rempah, dan lain-lain.



                         Macam-macam minuman non alkohol adalah:

                    a.  Mineral water (air mineral)


                         Mineral  water  adalah  air  murni  yang  memiliki  kandungan  mineral

                         tinggi.  Air  mineral  dibedakan  lagi  menjadi  dua  jenis,  yaitu  natural

                         mineral water dan artificial mineral water.


                         Natural mineral water merupakan air yang berasal dari sumber mata

                         air pegunungan atau air bumi yang tidak memiliki rasa, warna, bau,

                         dan  tidak  mengandung  bahan-bahan  kimia.  Sedangkan  artificial

                         mineral water disebut juga dengan minuman ringan yang mengandung


                         gas karbondioksida, seperti soft drinks, water tonic, lemon drinks, dan

                         orange crush.

                    b.  Refreshing drinks

                         Minuman  penyegar  yang  dicampur  dengan  soda  atau  air  tawar,


                         seperti squash dan syrup.

                    c.  Tall drinks

                         Minuman campuran yang banyak dikembangkan menjadi minuman


                         special dan menjadi unggulan di restoran-restoran, seperti milkshake,

                         soda gembira, float, dan lain-lain.

                                                                                                            27



                                               Prev                       Next]]></page><page Index="32"><![CDATA[Modul 4   Beverages

                    d.  Stimulant drinks

                         Minuman  yang  merangsang  berbagai  macam  efek  dengan


                         meningkatkan aktivitas sistem saraf pusat dan perifer. Rangsangan

                         yang  dapat  memperbaiki  suasana  hati,  mengurangi  kecemasam,

                         bahkan dapat menimbulkan perasaan euphoria.                  Contoh stimulant


                         drinks, yaitu kopi, the, susu, cokelat, dan lainnya.

                    e.  Nourishing drinks

                         Minuman  yang  mengandung  vitamin  dan  dapat  menutrisi  tubuh,

                         seperti jus sari buah, minuman rempah-rempah, dan lain-lain.




              2.  Alcoholic Beverages (Minuman Beralkohol)





















                                       Sumber: https://jakartakemayoran.holidayinn.com/

                         Alkohol adalah cairan bening berbau ether yang diperoleh melalui

                    proses  fermentasi,  berbentuk  cair  maupun  dicairkan.  Ada  dua  jenis


                    alkohol, yaitu isopropyl alcohol dan ethyl alcohol. Isopropyl alcohol adalah

                    kandungan alkohol yang tidak dapat dikonsumsi, alkohol ini biasa disebut

                    dengan rubbing alcohol. Sedangkan alkohol yang dapat dikonsumsi adalah


                    ethyl alcohol atau dengan nama lain etanol.




          28





                                                 Prev                       Next]]></page><page Index="33"><![CDATA[Beverages   Modul 4

                         Alcoholic  beverages  merupakan  segala  jenis  minuman  yang

                    mengandung  alkohol  yang  dihasilkan  melalui  proses  fermentasi  dan

                    destilasi  atau  penyulingan.  Batas  kadar  alkogol  yang  dapat  dikonsumsi


                    adalah  -43%  Alc.  Proses  fermentasi  dalam  pembuatan  minuman

                    beralkohol dilakukan melalui bantuan ragi (yeast), di mana ragi sebagai

                    bahan kimia yang akan memecah zat gula cair menjadi alkohol dengan


                    kadar  hingga  12%  Alc.  Sedangkan  proses  destilasi  atau  penyulingan

                    merupakan proses pembuatan minuman beralkohol dengan pemanasan

                    dan  pendinginan  yang  dilakukan  secara  berulang-ulang  sehingga

                    menghasilkan minuman dengan kadar alkohol tinggi hingga -43% Alc.

                         Selain  fermentasi  dan  destilasi,  ada  beberapa  proses  pembuatan


                    minuman  beralkohol  lainnya,  seperti  proses  ganda  atau  penggabungan

                    proses  fermentasi  dan  destilasi,  fortified  (penambahan  bahan),  mixing

                    (pembuatan minuman campur), squeezing (pemerasan).


                         Minuman beralkohol diklasifikasikan menjadi tiga jenis;

                    a.  Beer

                         Merupakan  minuman  beralkohol  yang  dibuat  melalui  proses

                         fermentasi  antara  malt  (gandum),  dengan  flavor  bunga  Hops,  air,


                         gulam, yeast, dan Co2 yang memiliki kadar alkohol sebesar 3-5% Alc.

                         Ada berbagai jenis atau tipe beer, seperti pilsner, lager, ale, porter,

                         dan stout atau disebut juga dengan black beer.

                    b.  Wine


                         Wine adalah minuman hasil dari proses fermentasi sari buah anggur

                         yang dimasak dan dibuat sesuai dengan tradisi dan cara lokal di mana

                         wine  tersebut  dihasilkan,  disimpan  selama  berbulan-bulan  bahkan


                         tahunan hingga mendapatkan rasa yang enak dan khas.



                                                                                                            29





                                               Prev                       Next]]></page><page Index="34"><![CDATA[Modul 4   Beverages

                         Wine digolongkan menjadi;

                         1) Natural wine / table wine

                           Wine  yang  merupakan  hasil  fermentasi  langsung  dari  sari  buah


                         anggur  dengan  kadar  alkohol  10-12%  Alc.  Dibagi  lagi  menurut

                         warnanya, yaitu white wine, red wine, rose wine, dan aromatized wine.

                         2) Fortified wine


                            Wine  yang  kadar  alkoholnya  dimainkan  atau  ditambah  dengan

                         brandy melalui proses kimia. Kadar alkohol wine ini 16-21%.

                         3) Sparkling wine / champagne

                           Wine yang dibuat melalui dua kali proses fermentasi dari white wine.

                         Kadar alkohol minuman ini sekitar 14% Alc dan mengandung Co2.


                    c.  Spirit

                         Merupakan  minuman  yang  dibuat  melalui  proses  destilasi,  baik

                         berkadar rendah maupun tinggi. Spirit terbuat dari grain, agave, sugar


                         care, dan buah. Spirit digolongkan menjadi;

                         1) Liquor

                         2) Liqueur































          30

                                                   Prev                       Next]]></page><page Index="35"><![CDATA[Beverages   Modul 4

                                                B.  Rangkuman






                    Secara  harfiah,  beverages  berarti  minuman.  Minuman  merupakan  salah

              satu pangan berupa cairan atau liquid, berwarna dan tidak, memiliki cita rasa

              yang bervariasi; tawar, manis, asam, dan pahit. Minuman juga memiliki aroma


              khas  dan  manfaat  serta  fungsi  yang  berbeda.  Fungsi  minuman  dapat

              menyegarkan atau menyehatkan tergantung pada komposisi atau bahan utama

              minuman tersebut.

                    Minuman terbagi menjadi dua jenis, alcoholic dan non alcoholic beverages.


              Non alcoholic beverages dibagi menjadi tiga, yaitu stimulating drinks, refreshing

              drinks,  dan  nourishing  drinks.  Sedangkan  alcoholic  beverages  diklasifikasikan

              menjadi  beer,  wine,  dan  spirit.  Alkohol  yang  terdapat  di  dalam  alcoholic


              beverages adalah ethyl alcohol atau etanol. Ada beberapa proses pembuatan

              minuman  beralkohol,  yaitu  fermentasi,  destilasi  atau  penyaringan,  proses

              ganda  atau  penggabungan  proses  fermentasi  dan  destilasi,  fortified

              (penambahan  bahan),  mixing  (pembuatan  minuman  campur),  squeezing

              (pemerasan).































                                                                                                            31



                                               Prev                       Next]]></page><page Index="36"><![CDATA[Modul 4   Beverages

                                                C.    Latihan





              Petunjuk pengisian:


              1.  Klik tombol mulai

              2.  Kerjakan semua soal yang ada di worksheet
              3.  Jika sudah selesai menjawab semua soal, klik ‘Finish’ yang ada pada akhir lembar

              4.  Screenshoot semua semua lembar jawaban
              5.  Kumpulkan pada tombol kumpulkan di bawah melalui platform sesuai instruksi Dosen.









                                                      MULAI

















                                               Kumpulkan melalui:




















          32





                                               Prev                       Next]]></page><page Index="37"><![CDATA[DAFTAR PUSTAKA










                              Isdarmanto,  I.  (2016).  Pengetahuan  Bartending  Mixing  Drink.
                              Yogyakarta: Gerbang Media Aksara.








                               Pesik, Max U. (2018). Modul Praktik Bar. Manado.








                               Chair, et al. (2019). Pendalaman Materi: Perhotelan dan Jasa Pariwisata
                               Modul  3:  Room  Division  and  Beverage  Division.  Padang:
                               Kementerian Pendidikan dan Kebudayaan.




































                                                                                                            33



                                               Prev]]></page></pages></Search>